{
     "Player": {
          "InputMoveParam_accelerationRate": 0.10000000149011612,
          "InputMoveParam_kMaxAcceleration": 5.0,
          "InputMoveParam_kMinAcceleration": 0.0,
          "PartsTrans : rotate0": [
               0.0,
               0.0,
               0.0
          ],
          "PartsTrans : scale0": [
               1.7000000476837158,
               1.7000000476837158,
               1.7000000476837158
          ],
          "PartsTrans : translate0": [
               0.0,
               -2.4000000953674316,
               0.0
          ],
          "WireMoveParam_accelerationRate": 0.10000000149011612,
          "WireMoveParam_kMaxAcceleration": 5.0,
          "WireMoveParam_kMinAcceleration": 0.0
     }
}
