{
     "Stage": {
          "BoxConfirmation": 2,
          "BoxNumber : 0 : Rotate": [
               0.0,
               0.0,
               0.0
          ],
          "BoxNumber : 0 : Scale": [
               50.0,
               20.0,
               50.0
          ],
          "BoxNumber : 0 : Translate": [
               0.0,
               0.0,
               -100.0
          ],
          "BoxNumber : 1 : Rotate": [
               0.0,
               0.0,
               0.0
          ],
          "BoxNumber : 1 : Scale": [
               2.0,
               2.0,
               2.0
          ],
          "BoxNumber : 1 : Translate": [
               110.0,
               15.0,
               -100.0
          ],
          "BoxNumber : 2 : Rotate": [
               0.0,
               0.0,
               0.0
          ],
          "BoxNumber : 2 : Scale": [
               1.0,
               1.0,
               1.0
          ],
          "BoxNumber : 2 : Translate": [
               0.0,
               0.0,
               0.0
          ],
          "BoxNumber : 3 : Rotate": [
               0.0,
               0.0,
               0.0
          ],
          "BoxNumber : 3 : Scale": [
               20.0,
               2.0,
               20.0
          ],
          "BoxNumber : 3 : Translate": [
               -120.0,
               133.5,
               160.0
          ],
          "BoxNumber : 4 : Rotate": [
               0.0,
               0.0,
               0.0
          ],
          "BoxNumber : 4 : Scale": [
               12.0,
               1.0,
               12.0
          ],
          "BoxNumber : 4 : Translate": [
               0.0,
               102.0,
               120.0
          ],
          "BoxNumber : 5 : Rotate": [
               0.0,
               0.0,
               0.0
          ],
          "BoxNumber : 5 : Scale": [
               50.0,
               20.0,
               50.0
          ],
          "BoxNumber : 5 : Translate": [
               100.0,
               0.0,
               -100.0
          ],
          "TargetConfirmation": 10,
          "TargetNumber : 0 : Translate": [
               59.0,
               57.29999923706055,
               -7.0
          ],
          "TargetNumber : 1 : Translate": [
               -10.0,
               97.0,
               70.0
          ],
          "TargetNumber : 2 : Translate": [
               -107.4000015258789,
               140.60000610351563,
               146.8000030517578
          ],
          "TargetNumber : 3 : Translate": [
               -3.0,
               107.9000015258789,
               112.0
          ],
          "TargetNumber : 4 : Translate": [
               0.0,
               26.0,
               -90.0
          ],
          "TargetNumber : 5 : Translate": [
               59.0,
               57.29999923706055,
               -7.0
          ],
          "TargetNumber : 6 : Translate": [
               -10.0,
               97.0,
               70.0
          ],
          "TargetNumber : 7 : Translate": [
               -107.4000015258789,
               140.60000610351563,
               146.8000030517578
          ],
          "TargetNumber : 8 : Translate": [
               -3.0,
               107.9000015258789,
               112.0
          ],
          "TargetNumber : 9 : Translate": [
               0.0,
               26.0,
               -90.0
          ]
     }
}
