{
    "Player": {
        "Body Translation": [
            0.0,
            -1.2999999523162842,
            0.0
        ],
        "Head Translation": [
            0.0,
            1.5,
            0.0
        ],
        "Larm Translation": [
            0.20000000298023224,
            1.7000000476837158,
            0.0
        ],
        "Rarm Translation": [
            -0.20000000298023224,
            1.7000000476837158,
            0.0
        ]
    }
}
